"id","name","model_id:id","group_id:id","perm_read","perm_write","perm_create","perm_unlink"
"access_finance_fond","finance.fond","model_finance_fond","base.group_user",1,0,0,0
"access_finance_fond_historique","finance.fond.historique","model_finance_fond_historique","base.group_user",1,0,0,0
"access_finance_contract_type","finance.contract.type","model_finance_contract_type","base.group_user",1,0,0,0
"access_finance_fond","finance.fond","model_finance_fond","base.group_user",1,0,0,0
"access_finance_fond_historique","finance.fond.historique","model_finance_fond_historique","base.group_user",1,0,0,0
"access_finance_contract_type","finance.contract.type","model_finance_contract_type","base.group_user",1,0,0,0
"access_finance_fond","finance.fond","model_finance_fond","base.group_user",1,0,0,0
"access_finance_fond_historique","finance.fond.historique","model_finance_fond_historique","base.group_user",1,0,0,0
"access_finance_contract_type","finance.contract.type","model_finance_contract_type","base.group_user",1,0,0,0
"access_finance_fond","finance.fond","model_finance_fond","base.group_user",1,0,0,0
"access_finance_fond_historique","finance.fond.historique","model_finance_fond_historique","base.group_user",1,0,0,0
"access_finance_contract_type","finance.contract.type","model_finance_contract_type","base.group_user",1,0,0,0
"access_finance_contract_risk","finance.contract.risk","model_finance_contract_risk","base.group_user",1,0,0,0
"access_finance_fond","finance.fond","model_finance_fond","base.group_user",1,0,0,0
"access_finance_fond_historique","finance.fond.historique","model_finance_fond_historique","base.group_user",1,0,0,0
"access_finance_contract_type","finance.contract.type","model_finance_contract_type","base.group_user",1,0,0,0
"access_finance_contract_risk","finance.contract.risk","model_finance_contract_risk","base.group_user",1,0,0,0
"access_mail_thread","mail.thread","model_mail_thread","base.group_user",1,0,0,0
"access_finance_contract_model","finance.contract.model","model_finance_contract_model","base.group_user",1,0,0,0
"access_finance_fond","finance.fond","model_finance_fond","base.group_user",1,0,0,0
"access_finance_fond_historique","finance.fond.historique","model_finance_fond_historique","base.group_user",1,0,0,0
"access_finance_contract_type","finance.contract.type","model_finance_contract_type","base.group_user",1,0,0,0
"access_finance_contract_risk","finance.contract.risk","model_finance_contract_risk","base.group_user",1,0,0,0
"access_mail_thread","mail.thread","model_mail_thread","base.group_user",1,0,0,0
"access_finance_contract_model","finance.contract.model","model_finance_contract_model","base.group_user",1,0,0,0
"access_ir_needaction_mixin","ir.needaction_mixin","model_ir_needaction_mixin","base.group_user",1,0,0,0
