<?xml version="1.0"?>
<openerp>
<data>

<record model="ir.ui.view" id="view_finance_fond_form">
<field name="name">finance.fond.form</field>
<field name="model">finance.fond</field>
<field name="type">form</field>
<field name="arch" type="xml">
<form string="finance.fond" version="7.0">
 <field name="name" select="1"/>
 <separator string=""Description"" colspan="4"/>
 <field name="description" colspan="4" nolabel="1" select="2"/>
 <field name="isin" select="0"/>
 <separator string=" "Valeurs"" colspan="4"/>
 <field name="valeurs" colspan="4" nolabel="1" select="0"/>

</form>
</field>
</record>
<record model="ir.ui.view" id="view_finance_fond_tree">
<field name="name">finance.fond.tree</field>
<field name="model">finance.fond</field>
<field name="type">tree</field>
<field name="arch" type="xml">
<tree string="finance.fond">
 <field name="name"/>
 <field name="description"/>
 <field name="isin"/>

</tree>
</field>
</record>
<record model="ir.actions.act_window" id="action_finance_fond">
<field name="name">Fonds financiers</field>
<field name="res_model">finance.fond</field>
<field name="view_type">form</field>
<field name="view_mode">tree,form</field>
</record>
<menuitem name="Fonds financiers" id="menu_finance_fond" action="action_finance_fond"/>


<record model="ir.ui.view" id="view_finance_fond_historique_form">
<field name="name">finance.fond.historique.form</field>
<field name="model">finance.fond.historique</field>
<field name="type">form</field>
<field name="arch" type="xml">
<form string="finance.fond.historique" version="7.0">
 <field name="date" select="1"/>
 <field name="valeur" select="2"/>
 <field name="fond_id" select="0"/>
 <field name="_defaults" select="0"/>
 <field name="_order" select="0"/>

</form>
</field>
</record>
<record model="ir.ui.view" id="view_finance_fond_historique_tree">
<field name="name">finance.fond.historique.tree</field>
<field name="model">finance.fond.historique</field>
<field name="type">tree</field>
<field name="arch" type="xml">
<tree string="finance.fond.historique">
 <field name="date"/>
 <field name="valeur"/>
 <field name="fond_id"/>
 <field name="_defaults"/>
 <field name="_order"/>

</tree>
</field>
</record>
<record model="ir.actions.act_window" id="action_finance_fond_historique">
<field name="name">Historiques de valeurs</field>
<field name="res_model">finance.fond.historique</field>
<field name="view_type">form</field>
<field name="view_mode">tree,form,calendar</field>
</record>
<menuitem name="Historiques de valeurs" id="menu_finance_fond_historique" action="action_finance_fond_historique"/>


<record model="ir.ui.view" id="view_finance_contract_type_form">
<field name="name">finance.contract.type.form</field>
<field name="model">finance.contract.type</field>
<field name="type">form</field>
<field name="arch" type="xml">
<form string="finance.contract.type" version="7.0">
 <field name="name" select="1"/>
 <field name="birthdate_req" select="2"/>
 <field name="adherent_req" select="0"/>
 <field name="fond_req" select="0"/>
 <field name="secu_req" select="0"/>
 <field name="bene_req" select="0"/>
 <separator string=" 'Produits'" colspan="4"/>
 <field name="contract_ids" colspan="4" nolabel="1" select="0"/>
 <field name="multiple_vers" select="0"/>

</form>
</field>
</record>
<record model="ir.ui.view" id="view_finance_contract_type_tree">
<field name="name">finance.contract.type.tree</field>
<field name="model">finance.contract.type</field>
<field name="type">tree</field>
<field name="arch" type="xml">
<tree string="finance.contract.type">
 <field name="name"/>
 <field name="birthdate_req"/>
 <field name="adherent_req"/>
 <field name="fond_req"/>
 <field name="secu_req"/>
 <field name="bene_req"/>
 <field name="multiple_vers"/>

</tree>
</field>
</record>
<record model="ir.actions.act_window" id="action_finance_contract_type">
<field name="name">Types de contrats</field>
<field name="res_model">finance.contract.type</field>
<field name="view_type">form</field>
<field name="view_mode">tree,form</field>
</record>
<menuitem name="Types de contrats" id="menu_finance_contract_type" action="action_finance_contract_type"/>


<record model="ir.ui.view" id="view_finance_fond_form">
<field name="name">finance.fond.form</field>
<field name="model">finance.fond</field>
<field name="type">form</field>
<field name="arch" type="xml">
<form string="finance.fond" version="7.0">
 <field name="name" select="1"/>
 <separator string=""Description"" colspan="4"/>
 <field name="description" colspan="4" nolabel="1" select="2"/>
 <field name="isin" select="0"/>
 <separator string=" "Valeurs"" colspan="4"/>
 <field name="valeurs" colspan="4" nolabel="1" select="0"/>

</form>
</field>
</record>
<record model="ir.ui.view" id="view_finance_fond_tree">
<field name="name">finance.fond.tree</field>
<field name="model">finance.fond</field>
<field name="type">tree</field>
<field name="arch" type="xml">
<tree string="finance.fond">
 <field name="name"/>
 <field name="description"/>
 <field name="isin"/>

</tree>
</field>
</record>
<record model="ir.actions.act_window" id="action_finance_fond">
<field name="name">Fonds financiers</field>
<field name="res_model">finance.fond</field>
<field name="view_type">form</field>
<field name="view_mode">tree,form</field>
</record>
<menuitem name="Fonds financiers" id="menu_finance_fond" action="action_finance_fond"/>


<record model="ir.ui.view" id="view_finance_fond_historique_form">
<field name="name">finance.fond.historique.form</field>
<field name="model">finance.fond.historique</field>
<field name="type">form</field>
<field name="arch" type="xml">
<form string="finance.fond.historique" version="7.0">
 <field name="date" select="1"/>
 <field name="valeur" select="2"/>
 <field name="fond_id" select="0"/>
 <field name="_defaults" select="0"/>
 <field name="_order" select="0"/>

</form>
</field>
</record>
<record model="ir.ui.view" id="view_finance_fond_historique_tree">
<field name="name">finance.fond.historique.tree</field>
<field name="model">finance.fond.historique</field>
<field name="type">tree</field>
<field name="arch" type="xml">
<tree string="finance.fond.historique">
 <field name="date"/>
 <field name="valeur"/>
 <field name="fond_id"/>
 <field name="_defaults"/>
 <field name="_order"/>

</tree>
</field>
</record>
<record model="ir.actions.act_window" id="action_finance_fond_historique">
<field name="name">Historiques de valeurs</field>
<field name="res_model">finance.fond.historique</field>
<field name="view_type">form</field>
<field name="view_mode">tree,form,calendar</field>
</record>
<menuitem name="Historiques de valeurs" id="menu_finance_fond_historique" action="action_finance_fond_historique"/>


<record model="ir.ui.view" id="view_finance_contract_type_form">
<field name="name">finance.contract.type.form</field>
<field name="model">finance.contract.type</field>
<field name="type">form</field>
<field name="arch" type="xml">
<form string="finance.contract.type" version="7.0">
 <field name="name" select="1"/>
 <field name="birthdate_req" select="2"/>
 <field name="adherent_req" select="0"/>
 <field name="fond_req" select="0"/>
 <field name="secu_req" select="0"/>
 <field name="bene_req" select="0"/>
 <separator string=" 'Produits'" colspan="4"/>
 <field name="contract_ids" colspan="4" nolabel="1" select="0"/>
 <field name="multiple_vers" select="0"/>

</form>
</field>
</record>
<record model="ir.ui.view" id="view_finance_contract_type_tree">
<field name="name">finance.contract.type.tree</field>
<field name="model">finance.contract.type</field>
<field name="type">tree</field>
<field name="arch" type="xml">
<tree string="finance.contract.type">
 <field name="name"/>
 <field name="birthdate_req"/>
 <field name="adherent_req"/>
 <field name="fond_req"/>
 <field name="secu_req"/>
 <field name="bene_req"/>
 <field name="multiple_vers"/>

</tree>
</field>
</record>
<record model="ir.actions.act_window" id="action_finance_contract_type">
<field name="name">Types de contrats</field>
<field name="res_model">finance.contract.type</field>
<field name="view_type">form</field>
<field name="view_mode">tree,form</field>
</record>
<menuitem name="Types de contrats" id="menu_finance_contract_type" action="action_finance_contract_type"/>


<record model="ir.ui.view" id="view_finance_fond_form">
<field name="name">finance.fond.form</field>
<field name="model">finance.fond</field>
<field name="type">form</field>
<field name="arch" type="xml">
<form string="finance.fond" version="7.0">
 <field name="name" select="1"/>
 <separator string=""Description"" colspan="4"/>
 <field name="description" colspan="4" nolabel="1" select="2"/>
 <field name="isin" select="0"/>
 <separator string=" "Valeurs"" colspan="4"/>
 <field name="valeurs" colspan="4" nolabel="1" select="0"/>

</form>
</field>
</record>
<record model="ir.ui.view" id="view_finance_fond_tree">
<field name="name">finance.fond.tree</field>
<field name="model">finance.fond</field>
<field name="type">tree</field>
<field name="arch" type="xml">
<tree string="finance.fond">
 <field name="name"/>
 <field name="description"/>
 <field name="isin"/>

</tree>
</field>
</record>
<record model="ir.actions.act_window" id="action_finance_fond">
<field name="name">Fonds financiers</field>
<field name="res_model">finance.fond</field>
<field name="view_type">form</field>
<field name="view_mode">tree,form</field>
</record>
<menuitem name="Fonds financiers" id="menu_finance_fond" action="action_finance_fond"/>


<record model="ir.ui.view" id="view_finance_fond_historique_form">
<field name="name">finance.fond.historique.form</field>
<field name="model">finance.fond.historique</field>
<field name="type">form</field>
<field name="arch" type="xml">
<form string="finance.fond.historique" version="7.0">
 <field name="date" select="1"/>
 <field name="valeur" select="2"/>
 <field name="fond_id" select="0"/>
 <field name="_defaults" select="0"/>
 <field name="_order" select="0"/>

</form>
</field>
</record>
<record model="ir.ui.view" id="view_finance_fond_historique_tree">
<field name="name">finance.fond.historique.tree</field>
<field name="model">finance.fond.historique</field>
<field name="type">tree</field>
<field name="arch" type="xml">
<tree string="finance.fond.historique">
 <field name="date"/>
 <field name="valeur"/>
 <field name="fond_id"/>
 <field name="_defaults"/>
 <field name="_order"/>

</tree>
</field>
</record>
<record model="ir.actions.act_window" id="action_finance_fond_historique">
<field name="name">Historiques de valeurs</field>
<field name="res_model">finance.fond.historique</field>
<field name="view_type">form</field>
<field name="view_mode">tree,form,calendar</field>
</record>
<menuitem name="Historiques de valeurs" id="menu_finance_fond_historique" action="action_finance_fond_historique"/>


<record model="ir.ui.view" id="view_finance_contract_type_form">
<field name="name">finance.contract.type.form</field>
<field name="model">finance.contract.type</field>
<field name="type">form</field>
<field name="arch" type="xml">
<form string="finance.contract.type" version="7.0">
 <field name="name" select="1"/>
 <field name="birthdate_req" select="2"/>
 <field name="adherent_req" select="0"/>
 <field name="fond_req" select="0"/>
 <field name="secu_req" select="0"/>
 <field name="bene_req" select="0"/>
 <separator string=" 'Produits'" colspan="4"/>
 <field name="contract_ids" colspan="4" nolabel="1" select="0"/>
 <field name="multiple_vers" select="0"/>

</form>
</field>
</record>
<record model="ir.ui.view" id="view_finance_contract_type_tree">
<field name="name">finance.contract.type.tree</field>
<field name="model">finance.contract.type</field>
<field name="type">tree</field>
<field name="arch" type="xml">
<tree string="finance.contract.type">
 <field name="name"/>
 <field name="birthdate_req"/>
 <field name="adherent_req"/>
 <field name="fond_req"/>
 <field name="secu_req"/>
 <field name="bene_req"/>
 <field name="multiple_vers"/>

</tree>
</field>
</record>
<record model="ir.actions.act_window" id="action_finance_contract_type">
<field name="name">Types de contrats</field>
<field name="res_model">finance.contract.type</field>
<field name="view_type">form</field>
<field name="view_mode">tree,form</field>
</record>
<menuitem name="Types de contrats" id="menu_finance_contract_type" action="action_finance_contract_type"/>


<record model="ir.ui.view" id="view_finance_fond_form">
<field name="name">finance.fond.form</field>
<field name="model">finance.fond</field>
<field name="type">form</field>
<field name="arch" type="xml">
<form string="finance.fond" version="7.0">
 <field name="name" select="1"/>
 <separator string=""Description"" colspan="4"/>
 <field name="description" colspan="4" nolabel="1" select="2"/>
 <field name="isin" select="0"/>
 <separator string=" "Valeurs"" colspan="4"/>
 <field name="valeurs" colspan="4" nolabel="1" select="0"/>

</form>
</field>
</record>
<record model="ir.ui.view" id="view_finance_fond_tree">
<field name="name">finance.fond.tree</field>
<field name="model">finance.fond</field>
<field name="type">tree</field>
<field name="arch" type="xml">
<tree string="finance.fond">
 <field name="name"/>
 <field name="description"/>
 <field name="isin"/>

</tree>
</field>
</record>
<record model="ir.actions.act_window" id="action_finance_fond">
<field name="name">Fonds financiers</field>
<field name="res_model">finance.fond</field>
<field name="view_type">form</field>
<field name="view_mode">tree,form</field>
</record>
<menuitem name="Fonds financiers" id="menu_finance_fond" action="action_finance_fond"/>


<record model="ir.ui.view" id="view_finance_fond_historique_form">
<field name="name">finance.fond.historique.form</field>
<field name="model">finance.fond.historique</field>
<field name="type">form</field>
<field name="arch" type="xml">
<form string="finance.fond.historique" version="7.0">
 <field name="date" select="1"/>
 <field name="valeur" select="2"/>
 <field name="fond_id" select="0"/>
 <field name="_defaults" select="0"/>
 <field name="_order" select="0"/>

</form>
</field>
</record>
<record model="ir.ui.view" id="view_finance_fond_historique_tree">
<field name="name">finance.fond.historique.tree</field>
<field name="model">finance.fond.historique</field>
<field name="type">tree</field>
<field name="arch" type="xml">
<tree string="finance.fond.historique">
 <field name="date"/>
 <field name="valeur"/>
 <field name="fond_id"/>
 <field name="_defaults"/>
 <field name="_order"/>

</tree>
</field>
</record>
<record model="ir.actions.act_window" id="action_finance_fond_historique">
<field name="name">Historiques de valeurs</field>
<field name="res_model">finance.fond.historique</field>
<field name="view_type">form</field>
<field name="view_mode">tree,form,calendar</field>
</record>
<menuitem name="Historiques de valeurs" id="menu_finance_fond_historique" action="action_finance_fond_historique"/>


<record model="ir.ui.view" id="view_finance_contract_type_form">
<field name="name">finance.contract.type.form</field>
<field name="model">finance.contract.type</field>
<field name="type">form</field>
<field name="arch" type="xml">
<form string="finance.contract.type" version="7.0">
 <field name="name" select="1"/>
 <field name="birthdate_req" select="2"/>
 <field name="adherent_req" select="0"/>
 <field name="fond_req" select="0"/>
 <field name="secu_req" select="0"/>
 <field name="bene_req" select="0"/>
 <separator string=" 'Produits'" colspan="4"/>
 <field name="contract_ids" colspan="4" nolabel="1" select="0"/>
 <field name="multiple_vers" select="0"/>

</form>
</field>
</record>
<record model="ir.ui.view" id="view_finance_contract_type_tree">
<field name="name">finance.contract.type.tree</field>
<field name="model">finance.contract.type</field>
<field name="type">tree</field>
<field name="arch" type="xml">
<tree string="finance.contract.type">
 <field name="name"/>
 <field name="birthdate_req"/>
 <field name="adherent_req"/>
 <field name="fond_req"/>
 <field name="secu_req"/>
 <field name="bene_req"/>
 <field name="multiple_vers"/>

</tree>
</field>
</record>
<record model="ir.actions.act_window" id="action_finance_contract_type">
<field name="name">Types de contrats</field>
<field name="res_model">finance.contract.type</field>
<field name="view_type">form</field>
<field name="view_mode">tree,form</field>
</record>
<menuitem name="Types de contrats" id="menu_finance_contract_type" action="action_finance_contract_type"/>


<record model="ir.ui.view" id="view_finance_contract_risk_form">
<field name="name">finance.contract.risk.form</field>
<field name="model">finance.contract.risk</field>
<field name="type">form</field>
<field name="arch" type="xml">
<form string="finance.contract.risk" version="7.0">
 <field name="name" select="1"/>
 <separator string="'Description'" colspan="4"/>
 <field name="description" colspan="4" nolabel="1" select="2"/>
 <field name="model_id" select="0"/>

</form>
</field>
</record>
<record model="ir.ui.view" id="view_finance_contract_risk_tree">
<field name="name">finance.contract.risk.tree</field>
<field name="model">finance.contract.risk</field>
<field name="type">tree</field>
<field name="arch" type="xml">
<tree string="finance.contract.risk">
 <field name="name"/>
 <field name="description"/>
 <field name="model_id"/>

</tree>
</field>
</record>
<record model="ir.actions.act_window" id="action_finance_contract_risk">
<field name="name">Options</field>
<field name="res_model">finance.contract.risk</field>
<field name="view_type">form</field>
<field name="view_mode">tree,form</field>
</record>
<menuitem name="Options" id="menu_finance_contract_risk" action="action_finance_contract_risk"/>


<record model="ir.ui.view" id="view_finance_fond_form">
<field name="name">finance.fond.form</field>
<field name="model">finance.fond</field>
<field name="type">form</field>
<field name="arch" type="xml">
<form string="finance.fond" version="7.0">
 <field name="name" select="1"/>
 <separator string=""Description"" colspan="4"/>
 <field name="description" colspan="4" nolabel="1" select="2"/>
 <field name="isin" select="0"/>
 <separator string=" "Valeurs"" colspan="4"/>
 <field name="valeurs" colspan="4" nolabel="1" select="0"/>

</form>
</field>
</record>
<record model="ir.ui.view" id="view_finance_fond_tree">
<field name="name">finance.fond.tree</field>
<field name="model">finance.fond</field>
<field name="type">tree</field>
<field name="arch" type="xml">
<tree string="finance.fond">
 <field name="name"/>
 <field name="description"/>
 <field name="isin"/>

</tree>
</field>
</record>
<record model="ir.actions.act_window" id="action_finance_fond">
<field name="name">Fonds financiers</field>
<field name="res_model">finance.fond</field>
<field name="view_type">form</field>
<field name="view_mode">tree,form</field>
</record>
<menuitem name="Fonds financiers" id="menu_finance_fond" action="action_finance_fond"/>


<record model="ir.ui.view" id="view_finance_fond_historique_form">
<field name="name">finance.fond.historique.form</field>
<field name="model">finance.fond.historique</field>
<field name="type">form</field>
<field name="arch" type="xml">
<form string="finance.fond.historique" version="7.0">
 <field name="date" select="1"/>
 <field name="valeur" select="2"/>
 <field name="fond_id" select="0"/>
 <field name="_defaults" select="0"/>
 <field name="_order" select="0"/>

</form>
</field>
</record>
<record model="ir.ui.view" id="view_finance_fond_historique_tree">
<field name="name">finance.fond.historique.tree</field>
<field name="model">finance.fond.historique</field>
<field name="type">tree</field>
<field name="arch" type="xml">
<tree string="finance.fond.historique">
 <field name="date"/>
 <field name="valeur"/>
 <field name="fond_id"/>
 <field name="_defaults"/>
 <field name="_order"/>

</tree>
</field>
</record>
<record model="ir.actions.act_window" id="action_finance_fond_historique">
<field name="name">Historiques de valeurs</field>
<field name="res_model">finance.fond.historique</field>
<field name="view_type">form</field>
<field name="view_mode">tree,form,calendar</field>
</record>
<menuitem name="Historiques de valeurs" id="menu_finance_fond_historique" action="action_finance_fond_historique"/>


<record model="ir.ui.view" id="view_finance_contract_type_form">
<field name="name">finance.contract.type.form</field>
<field name="model">finance.contract.type</field>
<field name="type">form</field>
<field name="arch" type="xml">
<form string="finance.contract.type" version="7.0">
 <field name="name" select="1"/>
 <field name="birthdate_req" select="2"/>
 <field name="adherent_req" select="0"/>
 <field name="fond_req" select="0"/>
 <field name="secu_req" select="0"/>
 <field name="bene_req" select="0"/>
 <separator string=" 'Produits'" colspan="4"/>
 <field name="contract_ids" colspan="4" nolabel="1" select="0"/>
 <field name="multiple_vers" select="0"/>

</form>
</field>
</record>
<record model="ir.ui.view" id="view_finance_contract_type_tree">
<field name="name">finance.contract.type.tree</field>
<field name="model">finance.contract.type</field>
<field name="type">tree</field>
<field name="arch" type="xml">
<tree string="finance.contract.type">
 <field name="name"/>
 <field name="birthdate_req"/>
 <field name="adherent_req"/>
 <field name="fond_req"/>
 <field name="secu_req"/>
 <field name="bene_req"/>
 <field name="multiple_vers"/>

</tree>
</field>
</record>
<record model="ir.actions.act_window" id="action_finance_contract_type">
<field name="name">Types de contrats</field>
<field name="res_model">finance.contract.type</field>
<field name="view_type">form</field>
<field name="view_mode">tree,form</field>
</record>
<menuitem name="Types de contrats" id="menu_finance_contract_type" action="action_finance_contract_type"/>


<record model="ir.ui.view" id="view_finance_contract_risk_form">
<field name="name">finance.contract.risk.form</field>
<field name="model">finance.contract.risk</field>
<field name="type">form</field>
<field name="arch" type="xml">
<form string="finance.contract.risk" version="7.0">
 <field name="name" select="1"/>
 <separator string="'Description'" colspan="4"/>
 <field name="description" colspan="4" nolabel="1" select="2"/>
 <field name="model_id" select="0"/>

</form>
</field>
</record>
<record model="ir.ui.view" id="view_finance_contract_risk_tree">
<field name="name">finance.contract.risk.tree</field>
<field name="model">finance.contract.risk</field>
<field name="type">tree</field>
<field name="arch" type="xml">
<tree string="finance.contract.risk">
 <field name="name"/>
 <field name="description"/>
 <field name="model_id"/>

</tree>
</field>
</record>
<record model="ir.actions.act_window" id="action_finance_contract_risk">
<field name="name">Options</field>
<field name="res_model">finance.contract.risk</field>
<field name="view_type">form</field>
<field name="view_mode">tree,form</field>
</record>
<menuitem name="Options" id="menu_finance_contract_risk" action="action_finance_contract_risk"/>


<record model="ir.ui.view" id="view_mail_thread_form">
<field name="name">mail.thread.form</field>
<field name="model">mail.thread</field>
<field name="type">form</field>
<field name="arch" type="xml">
<form string="mail.thread" version="7.0">

</form>
</field>
</record>
<record model="ir.ui.view" id="view_mail_thread_tree">
<field name="name">mail.thread.tree</field>
<field name="model">mail.thread</field>
<field name="type">tree</field>
<field name="arch" type="xml">
<tree string="mail.thread">

</tree>
</field>
</record>
<record model="ir.actions.act_window" id="action_mail_thread">
<field name="name">(NULL)</field>
<field name="res_model">mail.thread</field>
<field name="view_type">form</field>
<field name="view_mode">tree,form</field>
</record>
<menuitem name="(NULL)" id="menu_mail_thread" action="action_mail_thread"/>


<record model="ir.ui.view" id="view_finance_contract_model_form">
<field name="name">finance.contract.model.form</field>
<field name="model">finance.contract.model</field>
<field name="type">form</field>
<field name="arch" type="xml">
<form string="finance.contract.model" version="7.0">
 <field name="name" select="1"/>
 <field name="company_id" select="2"/>
 <field name="supplier_id" select="0"/>
 <separator string=" 'Risques liés'" colspan="4"/>
 <field name="risk_ids" colspan="4" nolabel="1" select="0"/>
 <field name="type_id" select="0"/>
 <separator string="'Description'" colspan="4"/>
 <field name="description" colspan="4" nolabel="1" select="0"/>
 <separator string="'Instructions de vente'" colspan="4"/>
 <field name="sale_des" colspan="4" nolabel="1" select="0"/>
 <field name="multiple_vers" select="0"/>
 <field name="show_vers_message" select="0"/>

</form>
</field>
</record>
<record model="ir.ui.view" id="view_finance_contract_model_tree">
<field name="name">finance.contract.model.tree</field>
<field name="model">finance.contract.model</field>
<field name="type">tree</field>
<field name="arch" type="xml">
<tree string="finance.contract.model">
 <field name="name"/>
 <field name="company_id"/>
 <field name="supplier_id"/>
 <field name="type_id"/>
 <field name="description"/>
 <field name="sale_des"/>
 <field name="multiple_vers"/>
 <field name="show_vers_message"/>

</tree>
</field>
</record>
<record model="ir.actions.act_window" id="action_finance_contract_model">
<field name="name">Modèle de contrat</field>
<field name="res_model">finance.contract.model</field>
<field name="view_type">form</field>
<field name="view_mode">tree,form</field>
</record>
<menuitem name="Modèle de contrat" id="menu_finance_contract_model" action="action_finance_contract_model"/>


<record model="ir.ui.view" id="view_finance_fond_form">
<field name="name">finance.fond.form</field>
<field name="model">finance.fond</field>
<field name="type">form</field>
<field name="arch" type="xml">
<form string="finance.fond" version="7.0">
 <field name="name" select="1"/>
 <separator string=""Description"" colspan="4"/>
 <field name="description" colspan="4" nolabel="1" select="2"/>
 <field name="isin" select="0"/>
 <separator string=" "Valeurs"" colspan="4"/>
 <field name="valeurs" colspan="4" nolabel="1" select="0"/>

</form>
</field>
</record>
<record model="ir.ui.view" id="view_finance_fond_tree">
<field name="name">finance.fond.tree</field>
<field name="model">finance.fond</field>
<field name="type">tree</field>
<field name="arch" type="xml">
<tree string="finance.fond">
 <field name="name"/>
 <field name="description"/>
 <field name="isin"/>

</tree>
</field>
</record>
<record model="ir.actions.act_window" id="action_finance_fond">
<field name="name">Fonds financiers</field>
<field name="res_model">finance.fond</field>
<field name="view_type">form</field>
<field name="view_mode">tree,form</field>
</record>
<menuitem name="Fonds financiers" id="menu_finance_fond" action="action_finance_fond"/>


<record model="ir.ui.view" id="view_finance_fond_historique_form">
<field name="name">finance.fond.historique.form</field>
<field name="model">finance.fond.historique</field>
<field name="type">form</field>
<field name="arch" type="xml">
<form string="finance.fond.historique" version="7.0">
 <field name="date" select="1"/>
 <field name="valeur" select="2"/>
 <field name="fond_id" select="0"/>
 <field name="_defaults" select="0"/>
 <field name="_order" select="0"/>

</form>
</field>
</record>
<record model="ir.ui.view" id="view_finance_fond_historique_tree">
<field name="name">finance.fond.historique.tree</field>
<field name="model">finance.fond.historique</field>
<field name="type">tree</field>
<field name="arch" type="xml">
<tree string="finance.fond.historique">
 <field name="date"/>
 <field name="valeur"/>
 <field name="fond_id"/>
 <field name="_defaults"/>
 <field name="_order"/>

</tree>
</field>
</record>
<record model="ir.actions.act_window" id="action_finance_fond_historique">
<field name="name">Historiques de valeurs</field>
<field name="res_model">finance.fond.historique</field>
<field name="view_type">form</field>
<field name="view_mode">tree,form,calendar</field>
</record>
<menuitem name="Historiques de valeurs" id="menu_finance_fond_historique" action="action_finance_fond_historique"/>


<record model="ir.ui.view" id="view_finance_contract_type_form">
<field name="name">finance.contract.type.form</field>
<field name="model">finance.contract.type</field>
<field name="type">form</field>
<field name="arch" type="xml">
<form string="finance.contract.type" version="7.0">
 <field name="name" select="1"/>
 <field name="birthdate_req" select="2"/>
 <field name="adherent_req" select="0"/>
 <field name="fond_req" select="0"/>
 <field name="secu_req" select="0"/>
 <field name="bene_req" select="0"/>
 <separator string=" 'Produits'" colspan="4"/>
 <field name="contract_ids" colspan="4" nolabel="1" select="0"/>
 <field name="multiple_vers" select="0"/>

</form>
</field>
</record>
<record model="ir.ui.view" id="view_finance_contract_type_tree">
<field name="name">finance.contract.type.tree</field>
<field name="model">finance.contract.type</field>
<field name="type">tree</field>
<field name="arch" type="xml">
<tree string="finance.contract.type">
 <field name="name"/>
 <field name="birthdate_req"/>
 <field name="adherent_req"/>
 <field name="fond_req"/>
 <field name="secu_req"/>
 <field name="bene_req"/>
 <field name="multiple_vers"/>

</tree>
</field>
</record>
<record model="ir.actions.act_window" id="action_finance_contract_type">
<field name="name">Types de contrats</field>
<field name="res_model">finance.contract.type</field>
<field name="view_type">form</field>
<field name="view_mode">tree,form</field>
</record>
<menuitem name="Types de contrats" id="menu_finance_contract_type" action="action_finance_contract_type"/>


<record model="ir.ui.view" id="view_finance_contract_risk_form">
<field name="name">finance.contract.risk.form</field>
<field name="model">finance.contract.risk</field>
<field name="type">form</field>
<field name="arch" type="xml">
<form string="finance.contract.risk" version="7.0">
 <field name="name" select="1"/>
 <separator string="'Description'" colspan="4"/>
 <field name="description" colspan="4" nolabel="1" select="2"/>
 <field name="model_id" select="0"/>

</form>
</field>
</record>
<record model="ir.ui.view" id="view_finance_contract_risk_tree">
<field name="name">finance.contract.risk.tree</field>
<field name="model">finance.contract.risk</field>
<field name="type">tree</field>
<field name="arch" type="xml">
<tree string="finance.contract.risk">
 <field name="name"/>
 <field name="description"/>
 <field name="model_id"/>

</tree>
</field>
</record>
<record model="ir.actions.act_window" id="action_finance_contract_risk">
<field name="name">Options</field>
<field name="res_model">finance.contract.risk</field>
<field name="view_type">form</field>
<field name="view_mode">tree,form</field>
</record>
<menuitem name="Options" id="menu_finance_contract_risk" action="action_finance_contract_risk"/>


<record model="ir.ui.view" id="view_mail_thread_form">
<field name="name">mail.thread.form</field>
<field name="model">mail.thread</field>
<field name="type">form</field>
<field name="arch" type="xml">
<form string="mail.thread" version="7.0">

</form>
</field>
</record>
<record model="ir.ui.view" id="view_mail_thread_tree">
<field name="name">mail.thread.tree</field>
<field name="model">mail.thread</field>
<field name="type">tree</field>
<field name="arch" type="xml">
<tree string="mail.thread">

</tree>
</field>
</record>
<record model="ir.actions.act_window" id="action_mail_thread">
<field name="name">(NULL)</field>
<field name="res_model">mail.thread</field>
<field name="view_type">form</field>
<field name="view_mode">tree,form</field>
</record>
<menuitem name="(NULL)" id="menu_mail_thread" action="action_mail_thread"/>


<record model="ir.ui.view" id="view_finance_contract_model_form">
<field name="name">finance.contract.model.form</field>
<field name="model">finance.contract.model</field>
<field name="type">form</field>
<field name="arch" type="xml">
<form string="finance.contract.model" version="7.0">
 <field name="name" select="1"/>
 <field name="company_id" select="2"/>
 <field name="supplier_id" select="0"/>
 <separator string=" 'Risques liés'" colspan="4"/>
 <field name="risk_ids" colspan="4" nolabel="1" select="0"/>
 <field name="type_id" select="0"/>
 <separator string="'Description'" colspan="4"/>
 <field name="description" colspan="4" nolabel="1" select="0"/>
 <separator string="'Instructions de vente'" colspan="4"/>
 <field name="sale_des" colspan="4" nolabel="1" select="0"/>
 <field name="multiple_vers" select="0"/>
 <field name="show_vers_message" select="0"/>

</form>
</field>
</record>
<record model="ir.ui.view" id="view_finance_contract_model_tree">
<field name="name">finance.contract.model.tree</field>
<field name="model">finance.contract.model</field>
<field name="type">tree</field>
<field name="arch" type="xml">
<tree string="finance.contract.model">
 <field name="name"/>
 <field name="company_id"/>
 <field name="supplier_id"/>
 <field name="type_id"/>
 <field name="description"/>
 <field name="sale_des"/>
 <field name="multiple_vers"/>
 <field name="show_vers_message"/>

</tree>
</field>
</record>
<record model="ir.actions.act_window" id="action_finance_contract_model">
<field name="name">Modèle de contrat</field>
<field name="res_model">finance.contract.model</field>
<field name="view_type">form</field>
<field name="view_mode">tree,form</field>
</record>
<menuitem name="Modèle de contrat" id="menu_finance_contract_model" action="action_finance_contract_model"/>


<record model="ir.ui.view" id="view_ir_needaction_mixin_form">
<field name="name">ir.needaction_mixin.form</field>
<field name="model">ir.needaction_mixin</field>
<field name="type">form</field>
<field name="arch" type="xml">
<form string="ir.needaction_mixin" version="7.0">

</form>
</field>
</record>
<record model="ir.ui.view" id="view_ir_needaction_mixin_tree">
<field name="name">ir.needaction_mixin.tree</field>
<field name="model">ir.needaction_mixin</field>
<field name="type">tree</field>
<field name="arch" type="xml">
<tree string="ir.needaction_mixin">

</tree>
</field>
</record>
<record model="ir.actions.act_window" id="action_ir_needaction_mixin">
<field name="name">(NULL)</field>
<field name="res_model">ir.needaction_mixin</field>
<field name="view_type">form</field>
<field name="view_mode">tree,form</field>
</record>
<menuitem name="(NULL)" id="menu_ir_needaction_mixin" action="action_ir_needaction_mixin"/>


</data>
</openerp>